assay_name	assay_name_alternate	targetTaxonomicAssay	targetTaxonomicScope	target	target_gene	target_subfragment	pcr_primer_forward	pcr_primer_reverse	pcr_primer_name_forward	pcr_primer_name_reverse	pcr_primer_name_published_forward	pcr_primer_name_published_reverse	pcr_primer_reference_forward	pcr_primer_reference_reverse	assay_reference
	Wilderlab-EA	Echyridella freshwater mussels COI					TATATAATGTTATTGTAACRGCGC	CCCARCATCAAAGGAATCAAYCA	EAF	EAR	EAF	EAR			Wilderlab in house
	Wilderlab-GD	Coral ITS2					GARTCTTTGAACGCAAATGGC	GCTTATTAATATGCTTAAATTCAGCG | TCGCCGTTACTGAGGGAATC	GDF	GCR | GDR	SCLER5.8SForw	SCLER28SRev | Acro874_Rev	https://doi.org/10.1007/s00338-018-01762-9	https://doi.org/10.1007/s00338-018-01762-9 | https://doi.org/10.1007/s00338-019-01875-9	Brian et al. 2019 | Alexander et al. 2019 
	Wilderlab-GF	Fungi ITS1					GGAAGTAAAAGTCGTAACAAGG	CAAGAGATCCGTTGYTGAAAGTK	GFF	GFR	Fung02F/ITS5	Fung02R	https://www.researchgate.net/publication/262687766_Amplification_and_Direct_Sequencing_of_Fungal_Ribosomal_RNA_Genes_for_Phylogenetics	https://doi.org/10.1093/oso/9780198767220.001.0001	White et al. 1990 | Taberlet et al. 2018
	Wilderlab-GV	Vascular plants ITS1					GTGAACCTGCGGAAGGATC	GATATCCGTTGCCGAGAGTC	GVF	GVR	MicroSSU	ITS1-F	https://doi.org/10.1128/AEM.01978-10	https://doi.org/10.1371/journal.pone.0035643	Andree et al. 2011 | Baamrane et al. 2012
	Wilderlab-HD	Crustaceans 16S					GGACGATAAGACCCTATAAA	ACGCTGTTATCCCTAAAGT	HDF	HDR	MiDeca-F	MiDeca-R	https://doi.org/10.3897/mbmg.3.33835	https://doi.org/10.3897/mbmg.3.33835	Komai et al. 2019
	Wilderlab-MC	Marine sponge 28S					TTCCCTCAGTAACGGCGAGY	CAACTTTCCCTCACGGTACTT	MCF	MCR	28S POR 100 FDG	LSU 300RV	https://doi.org/10.22541/au.172529899.94609833/v1	https://doi.org/10.1371/journal.pone.0024344	Martineau et al. 2024 | Redmond et al. 2011
	Wilderlab-MZ	Vascular plants rbcL					CTTCTTCAGGTGGAACTCCAG	GTCACCACAAACAGAGACTAAAGCAAGT	MZF	MZR	rbcL19b	rbcLZ1 (modified)	https://doi.org/10.1002/ajp.20384	https://doi.org/10.1002/ajp.20384	Modified from Bradley et al. 2007
	Wilderlab-RV	Vertebrate 12S ecoprimers					TTAGATACCCCACTATGC	TAGAACAGGCTCCTCTAG	RVF	RVR	12S-V5-F	12S-V5-R	https://doi.org/10.1093/nar/gkr732	https://doi.org/10.1093/nar/gkr732	Riaz et al. 2011
	Wilderlab-TD	Invasive Caulerpa tufA					CAACTCGACCAGTTGCTAC	ACTGTGGATAATGCAATACCTTTACCTC	TCF	TCR	TDF	TDR			Wilderlab in house
	Wilderlab-TP	Vascular plants trnL					GGGCAATCCTGAGCCAA	CCATTGAGTCTCTGCACCTATC	TPF	TPR	trnL-g	trnL-h	https://doi.org/10.1093/nar/gkl938	https://doi.org/10.1093/nar/gkl938	Taberlet et al. 2006
	Wilderlab-UM	Microbes 16S V5					GGATTAGATACCCTGGTA	CCGTCAATTCMTTTRAGTTT	UMF	UMR	U785F	U907R	https://doi.org/10.1128/JCM.00670-06	https://doi.org/10.1073/pnas.82.20.6955	Morey et al. 2006 | Lane et al. 1985
	Wilderlab-WG	Venerid clams 16S					TTDTAAAAGMCGAGAAGACCC	CSCTGTTATCCCYRCGGTA	WGF	WGR	Vene01_F	Vene01_R	https://doi.org/10.1007/s10750-020-04260-8	https://doi.org/10.1007/s10750-020-04260-8	Prié et al. 2021
	Wilderlab-WO	Oysters 16S					AAGAAGACCCCGTGCARC	CTGTTATCCCCGGCGTAAC	WOF	WOR	NOyster16SF	NOyster16SR	https://doi.org/10.1016/j.ecss.2024.108722	https://doi.org/10.1016/j.ecss.2024.108722	Dugal et al. 2024
	Wilderlab-WV	Vertebrate 16S					GACGAGAAGACCCTWTGGAGC	CCRYGGTCGCCCCAAC	WVF	WVR	16S_FishSyn_Short forward	16S_FishSyn_Short reverse	https://doi.org/10.1002/edn3.93	https://doi.org/10.1002/edn3.93	Based on Nester et al. 2020
	Wilderlab-XG	Gobiomorphus fish COI					GCAATYTCCCAGTATCARACACC	GCAGCAAGMACGGGGAG	XGF	XGR	XGF	XGR			Wilderlab in house
	Wilderlab-XO	Platypus D-loop					CAGCAATACCCTAGACAAGG	CGCTTCAATGGCTGCGC    	XOF	XOR	OAcr_F	OAcr_R	https://doi.org/10.1111/2041-210X.12951	https://doi.org/10.1111/2041-210X.12951	Lugg et al. 2017